id,file,bytes,KiB,w,h,kind,isSeed,failS54,failS55
desserdirina,catering-1.jpg,257287,251.3,1280,1276,jpeg,false,false,false
desserdirina,catering-2.jpg,265424,259.2,1280,1278,jpeg,false,false,false
desserdirina,cover.jpg,629177,614.4,2048,1152,jpeg,false,false,false
desserdirina,cupcakes-1.jpg,221506,216.3,1280,1276,jpeg,false,false,false
desserdirina,cupcakes-2.jpg,219067,213.9,1278,1280,jpeg,false,false,false
desserdirina,hero.jpg,107002,104.5,958,1024,jpeg,false,false,false
desserdirina,placinte-1.jpg,323369,315.8,1280,1276,jpeg,false,false,false
desserdirina,torturi-1.jpg,254039,248.1,1280,1280,jpeg,false,false,false
desserdirina,torturi-2.jpg,210538,205.6,1278,1280,jpeg,false,false,false
desserdirina,torturi-3.jpg,265119,258.9,1278,1280,jpeg,false,false,false
desserdirina,torturi-4.jpg,194589,190.0,1280,1271,jpeg,false,false,false
local-service,ct-ac1.jpg,112226,109.6,640,640,jpeg,true,true,true
local-service,ct-ac2.jpg,93580,91.4,640,640,jpeg,true,true,true
local-service,ct-ac3.jpg,114316,111.6,640,640,jpeg,true,true,true
local-service,ct-fat1.jpg,90687,88.6,640,640,jpeg,true,true,true
local-service,ct-fat2.jpg,108732,106.2,640,640,jpeg,true,true,true
local-service,ct-hero.jpg,229686,224.3,1600,1066,jpeg,true,false,false
local-service,ct-ig1.jpg,113193,110.5,640,640,jpeg,true,true,true
local-service,ct-ig2.jpg,132001,128.9,640,640,jpeg,true,true,true
local-service,ct-ig3.jpg,86548,84.5,640,640,jpeg,true,true,true
local-service,ct-ig4.jpg,44746,43.7,640,640,jpeg,true,true,true
local-service,ct-ig5.jpg,120757,117.9,640,640,jpeg,true,true,true
local-service,ct-ig6.jpg,121997,119.1,640,640,jpeg,true,true,true
local-service,ct-og.jpg,402609,393.2,1200,1200,jpeg,true,false,false
local-service,ct-rep1.jpg,125714,122.8,640,640,jpeg,true,true,true
local-service,ct-rep2.jpg,89727,87.6,640,640,jpeg,true,true,true
local-service,ct-rep3.jpg,69995,68.4,640,640,jpeg,true,true,true
local-service,pr-baie1.jpg,56539,55.2,640,640,jpeg,true,true,true
local-service,pr-baie2.jpg,58914,57.5,640,640,jpeg,true,true,true
local-service,pr-baie3.jpg,48516,47.4,640,640,jpeg,true,true,true
local-service,pr-buc1.jpg,68651,67.0,640,640,jpeg,true,true,true
local-service,pr-buc2.jpg,66166,64.6,640,640,jpeg,true,true,true
local-service,pr-buc3.jpg,52474,51.2,640,640,jpeg,true,true,true
local-service,pr-ext1.jpg,124056,121.1,640,640,jpeg,true,true,true
local-service,pr-ext2.jpg,142104,138.8,640,640,jpeg,true,true,true
local-service,pr-hero.jpg,310581,303.3,1066,1600,jpeg,true,false,false
local-service,pr-ig1.jpg,76226,74.4,640,640,jpeg,true,true,true
local-service,pr-ig2.jpg,60565,59.1,640,640,jpeg,true,true,true
local-service,pr-ig3.jpg,35493,34.7,640,640,jpeg,true,true,true
local-service,pr-ig4.jpg,69930,68.3,640,640,jpeg,true,true,true
local-service,pr-ig5.jpg,76520,74.7,640,640,jpeg,true,true,true
local-service,pr-ig6.jpg,49366,48.2,640,640,jpeg,true,true,true
local-service,pr-og.jpg,315411,308.0,1200,1200,jpeg,true,false,false
portfolio,iv-hero.jpg,232106,226.7,1280,1280,jpeg,true,false,false
portfolio,iv-ig1.jpg,80876,79.0,640,640,jpeg,true,true,true
portfolio,iv-ig2.jpg,65836,64.3,640,640,jpeg,true,true,true
portfolio,iv-ig3.jpg,68246,66.6,640,640,jpeg,true,true,true
portfolio,iv-ig4.jpg,51483,50.3,640,640,jpeg,true,true,true
portfolio,iv-ig5.jpg,66954,65.4,640,640,jpeg,true,true,true
portfolio,iv-ig6.jpg,79747,77.9,640,640,jpeg,true,true,true
portfolio,iv-mani1.jpg,40218,39.3,640,429,jpeg,true,true,true
portfolio,iv-mani2.jpg,43791,42.8,640,429,jpeg,true,true,true
portfolio,iv-mani3.jpg,74861,73.1,640,640,jpeg,true,true,true
portfolio,iv-mani4.jpg,40068,39.1,640,429,jpeg,true,true,true
portfolio,iv-og.jpg,273408,267.0,1200,1200,jpeg,true,false,false
portfolio,iv-par1.jpg,72481,70.8,640,640,jpeg,true,true,true
portfolio,iv-par2.jpg,69756,68.1,640,640,jpeg,true,true,true
portfolio,iv-par3.jpg,61675,60.2,640,640,jpeg,true,true,true
portfolio,iv-par4.jpg,97674,95.4,640,640,jpeg,true,true,true
portfolio,iv-team-c.jpg,57940,56.6,640,640,jpeg,true,true,true
portfolio,iv-team-d.jpg,50358,49.2,640,640,jpeg,true,true,true
portfolio,iv-team-l.jpg,64880,63.4,640,640,jpeg,true,true,true
portfolio,sf-ext1.jpg,65149,63.6,640,640,jpeg,true,true,true
portfolio,sf-ext2.jpg,73828,72.1,640,640,jpeg,true,true,true
portfolio,sf-ext3.jpg,82446,80.5,640,640,jpeg,true,true,true
portfolio,sf-ext4.jpg,70308,68.7,640,640,jpeg,true,true,true
portfolio,sf-hero.jpg,182165,177.9,1280,1280,jpeg,true,false,false
portfolio,sf-ig1.jpg,80211,78.3,640,640,jpeg,true,true,true
portfolio,sf-ig2.jpg,53692,52.4,640,640,jpeg,true,true,true
portfolio,sf-ig3.jpg,51715,50.5,640,640,jpeg,true,true,true
portfolio,sf-ig4.jpg,88086,86.0,640,640,jpeg,true,true,true
portfolio,sf-ig5.jpg,80134,78.3,640,640,jpeg,true,true,true
portfolio,sf-ig6.jpg,92525,90.4,640,640,jpeg,true,true,true
portfolio,sf-mua1.jpg,52414,51.2,640,640,jpeg,true,true,true
portfolio,sf-mua2.jpg,57283,55.9,640,640,jpeg,true,true,true
portfolio,sf-mua3.jpg,63992,62.5,640,640,jpeg,true,true,true
portfolio,sf-og.jpg,236419,230.9,1200,1200,jpeg,true,false,false
portfolio,sf-team-a.jpg,48400,47.3,640,640,jpeg,true,true,true
portfolio,sf-team-m.jpg,41085,40.1,640,640,jpeg,true,true,true
portfolio,sf-team-o.jpg,78750,76.9,640,640,jpeg,true,true,true
product-menu,cn-d1.jpg,106513,104.0,640,640,jpeg,true,true,true
product-menu,cn-d2.jpg,72621,70.9,640,640,jpeg,true,true,true
product-menu,cn-d3.jpg,53750,52.5,640,640,jpeg,true,true,true
product-menu,cn-hero.jpg,210206,205.3,1280,1280,jpeg,true,false,false
product-menu,cn-ig1.jpg,73935,72.2,640,640,jpeg,true,true,true
product-menu,cn-ig2.jpg,70382,68.7,640,640,jpeg,true,true,true
product-menu,cn-ig3.jpg,54495,53.2,640,640,jpeg,true,true,true
product-menu,cn-ig4.jpg,84154,82.2,640,640,jpeg,true,true,true
product-menu,cn-ig5.jpg,65343,63.8,640,640,jpeg,true,true,true
product-menu,cn-ig6.jpg,66249,64.7,640,640,jpeg,true,true,true
product-menu,cn-og.jpg,264331,258.1,1200,1200,jpeg,true,false,false
product-menu,cn-r1.jpg,68909,67.3,640,429,jpeg,true,true,true
product-menu,cn-r2.jpg,77206,75.4,640,640,jpeg,true,true,true
product-menu,cn-r3.jpg,59449,58.1,640,429,jpeg,true,true,true
product-menu,tv-a1.jpg,140639,137.3,640,640,jpeg,true,true,true
product-menu,tv-a2.jpg,84076,82.1,640,640,jpeg,true,true,true
product-menu,tv-a3.jpg,84340,82.4,640,640,jpeg,true,true,true
product-menu,tv-hero.jpg,276039,269.6,1280,1280,jpeg,true,false,false
product-menu,tv-ig1.jpg,66614,65.1,640,429,jpeg,true,true,true
product-menu,tv-ig2.jpg,55292,54.0,640,429,jpeg,true,true,true
product-menu,tv-ig3.jpg,61102,59.7,640,429,jpeg,true,true,true
product-menu,tv-ig4.jpg,71426,69.8,640,640,jpeg,true,true,true
product-menu,tv-ig5.jpg,77477,75.7,640,640,jpeg,true,true,true
product-menu,tv-ig6.jpg,87411,85.4,640,640,jpeg,true,true,true
product-menu,tv-m1.jpg,81917,80.0,640,640,jpeg,true,true,true
product-menu,tv-m2.jpg,72148,70.5,640,640,jpeg,true,true,true
product-menu,tv-m3.jpg,64648,63.1,640,640,jpeg,true,true,true
product-menu,tv-og.jpg,571412,558.0,1200,1200,jpeg,true,false,false
professionals,hero.jpg,327032,319.4,1600,1066,jpeg,false,false,false
